id,productoId,cantidad,precio,fecha,empleadoId
1,20,1,10.0,2025-11-01,9
2,15,1,2.2,2025-11-01,9
3,17,1,3.5,2025-11-01,9
4,10,1,13.0,2025-11-01,9
5,20,1,10.0,2025-11-01,9
6,18,1,1.2,2025-11-01,9
7,4,1,5.5,2025-11-01,9
8,14,1,1.8,2025-11-01,9
9,19,1,3.0,2025-11-01,9
10,6,1,16.0,2025-11-01,9
11,3,1,9.0,2025-11-01,9
12,20,1,10.0,2025-11-01,9
13,4,1,5.5,2025-11-01,9
14,7,1,14.0,2025-11-01,9
15,20,2,20.0,2025-11-01,9
16,16,1,2.5,2025-11-01,9
17,10,1,13.0,2025-11-01,9
18,6,1,16.0,2025-11-01,9
19,14,1,1.8,2025-11-01,9
20,1,1,8.5,2025-11-01,9
21,6,2,32.0,2025-11-01,9
22,2,1,6.0,2025-11-01,9
23,6,1,16.0,2025-11-01,9
24,6,1,16.0,2025-11-01,9
25,5,1,12.5,2025-11-01,9
26,9,1,11.5,2025-11-01,9
27,15,2,4.4,2025-11-01,9
28,2,1,6.0,2025-11-01,9
29,6,1,16.0,2025-11-01,9
30,4,1,5.5,2025-11-01,9
31,6,2,32.0,2025-11-01,9
32,17,1,3.5,2025-11-01,9
33,2,2,12.0,2025-11-01,9
34,20,2,20.0,2025-11-01,9
35,5,1,12.5,2025-11-01,9
36,18,2,2.4,2025-11-01,9
37,9,2,23.0,2025-11-01,9
38,19,1,3.0,2025-11-01,9
39,10,2,26.0,2025-11-01,9
40,4,1,5.5,2025-11-01,9
41,13,1,6.0,2025-11-01,9
42,2,1,6.0,2025-11-01,9
43,2,1,6.0,2025-11-01,9
44,2,1,6.0,2025-11-01,9
45,10,2,26.0,2025-11-01,9
46,13,1,6.0,2025-11-01,9
47,10,1,13.0,2025-11-01,9
48,19,1,3.0,2025-11-01,9
49,6,1,16.0,2025-11-01,9
50,11,2,10.0,2025-11-01,9
51,1,1,8.5,2025-11-01,9
52,2,1,6.0,2025-11-01,9
53,4,1,5.5,2025-11-01,9
54,18,1,1.2,2025-11-01,9
55,10,1,13.0,2025-11-01,9
56,14,2,3.6,2025-11-01,9
57,15,1,2.2,2025-11-01,9
58,19,1,3.0,2025-11-01,9
59,19,1,3.0,2025-11-01,9
60,7,1,14.0,2025-11-01,9
61,5,1,12.5,2025-11-01,9
62,11,1,5.0,2025-11-01,9
63,3,1,9.0,2025-11-01,9
64,2,1,6.0,2025-11-01,9
65,14,1,1.8,2025-11-01,9
66,13,1,6.0,2025-11-01,9
67,3,2,18.0,2025-11-01,9
68,12,1,5.5,2025-11-01,9
69,10,1,13.0,2025-11-01,9
70,19,1,3.0,2025-11-01,9
71,19,1,3.0,2025-11-01,9
72,15,1,2.2,2025-11-01,9
73,20,1,10.0,2025-11-01,9
74,18,2,2.4,2025-11-01,9
75,18,1,1.2,2025-11-01,9
76,17,1,3.5,2025-11-01,9
77,7,1,14.0,2025-11-01,9
78,9,1,11.5,2025-11-01,9
79,17,1,3.5,2025-11-02,9
80,1,1,8.5,2025-11-02,2
81,7,1,14.0,2025-11-02,2
82,9,1,11.5,2025-11-02,2
83,19,1,3.0,2025-11-02,2
84,5,2,25.0,2025-11-02,2
85,1,1,8.5,2025-11-02,2
86,16,1,2.5,2025-11-02,9
87,9,1,11.5,2025-11-02,2
88,2,1,6.0,2025-11-02,9
89,9,1,11.5,2025-11-02,2
90,14,1,1.8,2025-11-02,9
91,16,1,2.5,2025-11-02,2
92,15,1,2.2,2025-11-02,2
93,13,1,6.0,2025-11-02,2
94,15,2,4.4,2025-11-02,2
95,10,1,13.0,2025-11-02,2
96,7,1,14.0,2025-11-02,2
97,11,1,5.0,2025-11-02,9
98,12,1,5.5,2025-11-02,9
99,15,1,2.2,2025-11-02,2
100,3,2,18.0,2025-11-02,9
101,15,1,2.2,2025-11-02,9
102,4,1,5.5,2025-11-02,2
103,14,1,1.8,2025-11-02,2
104,10,1,13.0,2025-11-02,9
105,16,1,2.5,2025-11-02,2
106,6,1,16.0,2025-11-02,9
107,19,1,3.0,2025-11-02,9
108,17,1,3.5,2025-11-02,2
109,2,1,6.0,2025-11-02,9
110,11,1,5.0,2025-11-02,2
111,20,1,10.0,2025-11-02,2
112,18,1,1.2,2025-11-02,9
113,16,1,2.5,2025-11-02,2
114,16,1,2.5,2025-11-02,2
115,17,1,3.5,2025-11-02,9
116,7,1,14.0,2025-11-02,2
117,6,1,16.0,2025-11-02,9
118,4,1,5.5,2025-11-02,9
119,16,1,2.5,2025-11-02,2
120,8,1,11.0,2025-11-02,9
121,6,1,16.0,2025-11-02,9
122,18,1,1.2,2025-11-02,2
123,11,2,10.0,2025-11-02,2
124,16,1,2.5,2025-11-02,2
125,12,1,5.5,2025-11-02,9
126,11,1,5.0,2025-11-02,2
127,1,1,8.5,2025-11-02,2
128,16,1,2.5,2025-11-02,9
129,20,1,10.0,2025-11-02,2
130,14,1,1.8,2025-11-02,9
131,14,1,1.8,2025-11-02,2
132,5,1,12.5,2025-11-02,2
133,6,1,16.0,2025-11-02,2
134,7,2,28.0,2025-11-02,2
135,7,1,14.0,2025-11-02,9
136,16,1,2.5,2025-11-02,2
137,6,1,16.0,2025-11-02,9
138,1,1,8.5,2025-11-03,2
139,11,1,5.0,2025-11-03,2
140,11,1,5.0,2025-11-03,1
141,5,1,12.5,2025-11-03,2
142,17,1,3.5,2025-11-03,1
143,3,1,9.0,2025-11-03,1
144,13,2,12.0,2025-11-03,1
145,10,1,13.0,2025-11-03,2
146,14,1,1.8,2025-11-03,2
147,3,1,9.0,2025-11-03,2
148,17,1,3.5,2025-11-03,2
149,9,1,11.5,2025-11-03,1
150,2,1,6.0,2025-11-03,2
151,18,1,1.2,2025-11-03,2
152,10,1,13.0,2025-11-03,1
153,16,1,2.5,2025-11-03,1
154,14,2,3.6,2025-11-03,1
155,11,1,5.0,2025-11-03,1
156,8,1,11.0,2025-11-03,2
157,7,1,14.0,2025-11-03,1
158,13,1,6.0,2025-11-03,1
159,1,1,8.5,2025-11-03,2
160,11,1,5.0,2025-11-03,1
161,8,1,11.0,2025-11-03,1
162,13,1,6.0,2025-11-03,2
163,3,1,9.0,2025-11-03,1
164,13,1,6.0,2025-11-03,1
165,14,1,1.8,2025-11-03,2
166,3,1,9.0,2025-11-03,2
167,8,1,11.0,2025-11-03,1
168,13,1,6.0,2025-11-03,1
169,9,1,11.5,2025-11-03,1
170,7,1,14.0,2025-11-03,2
171,8,1,11.0,2025-11-03,2
172,5,1,12.5,2025-11-03,1
173,16,2,5.0,2025-11-03,1
174,20,1,10.0,2025-11-03,1
175,6,1,16.0,2025-11-03,2
176,16,1,2.5,2025-11-03,2
177,20,1,10.0,2025-11-03,2
178,14,1,1.8,2025-11-03,2
179,18,1,1.2,2025-11-03,1
180,11,1,5.0,2025-11-03,2
181,7,1,14.0,2025-11-03,2
182,17,1,3.5,2025-11-03,2
183,13,1,6.0,2025-11-03,2
184,20,1,10.0,2025-11-04,3
185,14,1,1.8,2025-11-04,3
186,17,1,3.5,2025-11-04,3
187,7,1,14.0,2025-11-04,3
188,8,1,11.0,2025-11-04,3
189,20,1,10.0,2025-11-04,3
190,7,1,14.0,2025-11-04,3
191,5,1,12.5,2025-11-04,3
192,10,1,13.0,2025-11-04,3
193,7,1,14.0,2025-11-04,3
194,15,1,2.2,2025-11-04,3
195,19,1,3.0,2025-11-04,3
196,10,1,13.0,2025-11-04,3
197,19,1,3.0,2025-11-04,3
198,2,1,6.0,2025-11-04,3
199,10,1,13.0,2025-11-04,3
200,15,2,4.4,2025-11-04,3
201,10,1,13.0,2025-11-04,3
202,16,1,2.5,2025-11-04,3
203,3,2,18.0,2025-11-04,3
204,20,1,10.0,2025-11-04,3
205,13,1,6.0,2025-11-04,3
206,20,1,10.0,2025-11-05,2
207,20,1,10.0,2025-11-05,2
208,8,1,11.0,2025-11-05,9
209,8,1,11.0,2025-11-05,2
210,15,1,2.2,2025-11-05,9
211,11,1,5.0,2025-11-05,2
212,3,1,9.0,2025-11-05,9
213,15,1,2.2,2025-11-05,2
214,2,1,6.0,2025-11-05,2
215,14,1,1.8,2025-11-05,9
216,7,1,14.0,2025-11-05,2
217,10,1,13.0,2025-11-05,9
218,1,1,8.5,2025-11-05,9
219,16,1,2.5,2025-11-05,9
220,13,1,6.0,2025-11-05,9
221,11,1,5.0,2025-11-05,9
222,11,1,5.0,2025-11-05,2
223,10,1,13.0,2025-11-05,2
224,6,1,16.0,2025-11-05,2
225,5,1,12.5,2025-11-05,9
226,18,1,1.2,2025-11-05,2
227,8,1,11.0,2025-11-05,2
228,17,1,3.5,2025-11-05,2
229,18,1,1.2,2025-11-05,2
230,18,1,1.2,2025-11-05,2
231,8,1,11.0,2025-11-06,9
232,13,1,6.0,2025-11-06,2
233,2,1,6.0,2025-11-06,2
234,9,1,11.5,2025-11-06,9
235,11,1,5.0,2025-11-06,2
236,18,1,1.2,2025-11-06,2
237,3,2,18.0,2025-11-06,9
238,16,1,2.5,2025-11-06,9
239,2,1,6.0,2025-11-06,2
240,8,1,11.0,2025-11-06,9
241,18,1,1.2,2025-11-06,2
242,20,1,10.0,2025-11-06,2
243,18,1,1.2,2025-11-06,9
244,6,1,16.0,2025-11-06,2
245,20,1,10.0,2025-11-06,2
246,20,1,10.0,2025-11-06,9
247,10,1,13.0,2025-11-06,9
248,2,1,6.0,2025-11-06,2
249,9,1,11.5,2025-11-06,9
250,12,1,5.5,2025-11-06,9
251,5,1,12.5,2025-11-06,2
252,14,1,1.8,2025-11-06,9
253,6,1,16.0,2025-11-06,2
254,7,1,14.0,2025-11-06,2
255,19,1,3.0,2025-11-06,9
256,2,2,12.0,2025-11-06,2
257,14,1,1.8,2025-11-06,2
258,11,1,5.0,2025-11-06,2
259,18,1,1.2,2025-11-06,2
260,13,1,6.0,2025-11-06,2
261,1,1,8.5,2025-11-06,2
262,7,1,14.0,2025-11-06,9
263,19,1,3.0,2025-11-06,2
264,17,1,3.5,2025-11-06,2
265,6,1,16.0,2025-11-06,2
266,15,1,2.2,2025-11-06,9
267,14,2,3.6,2025-11-06,9
268,8,1,11.0,2025-11-06,2
269,16,1,2.5,2025-11-06,2
270,8,1,11.0,2025-11-06,9
271,4,1,5.5,2025-11-06,2
272,12,2,11.0,2025-11-06,9
273,7,1,14.0,2025-11-06,2
274,20,1,10.0,2025-11-06,2
275,17,1,3.5,2025-11-06,9
276,4,2,11.0,2025-11-06,2
277,20,1,10.0,2025-11-06,2
278,3,1,9.0,2025-11-06,2
279,12,1,5.5,2025-11-06,2
280,6,1,16.0,2025-11-07,1
281,19,1,3.0,2025-11-07,3
282,14,1,1.8,2025-11-07,1
283,15,1,2.2,2025-11-07,3
284,20,1,10.0,2025-11-07,1
285,3,1,9.0,2025-11-07,3
286,9,1,11.5,2025-11-07,1
287,13,1,6.0,2025-11-07,1
288,15,1,2.2,2025-11-07,1
289,19,1,3.0,2025-11-07,1
290,6,1,16.0,2025-11-07,3
291,18,1,1.2,2025-11-07,1
292,12,2,11.0,2025-11-07,1
293,2,1,6.0,2025-11-07,3
294,20,1,10.0,2025-11-07,3
295,15,1,2.2,2025-11-07,3
296,2,1,6.0,2025-11-07,3
297,17,1,3.5,2025-11-07,3
298,13,1,6.0,2025-11-07,3
299,8,1,11.0,2025-11-07,3
300,7,2,28.0,2025-11-07,3
301,12,1,5.5,2025-11-07,3
302,15,1,2.2,2025-11-07,3
303,9,1,11.5,2025-11-07,1
304,1,1,8.5,2025-11-07,3
305,16,1,2.5,2025-11-07,3
306,11,1,5.0,2025-11-07,3
307,11,1,5.0,2025-11-07,3
308,16,2,5.0,2025-11-07,1
309,11,2,10.0,2025-11-07,3
310,20,1,10.0,2025-11-07,1
311,15,1,2.2,2025-11-07,1
312,2,1,6.0,2025-11-07,3
313,2,1,6.0,2025-11-07,1
314,9,1,11.5,2025-11-07,1
315,11,1,5.0,2025-11-07,3
316,17,1,3.5,2025-11-07,3
317,10,1,13.0,2025-11-07,1
318,8,1,11.0,2025-11-07,1
319,16,1,2.5,2025-11-07,1
320,15,1,2.2,2025-11-07,3
321,18,1,1.2,2025-11-08,9
322,16,1,2.5,2025-11-08,9
323,13,1,6.0,2025-11-08,1
324,15,1,2.2,2025-11-08,1
325,18,1,1.2,2025-11-08,1
326,14,1,1.8,2025-11-08,9
327,4,1,5.5,2025-11-08,9
328,9,1,11.5,2025-11-08,9
329,16,1,2.5,2025-11-08,1
330,18,2,2.4,2025-11-08,9
331,14,1,1.8,2025-11-08,1
332,1,1,8.5,2025-11-08,1
333,19,1,3.0,2025-11-08,9
334,18,1,1.2,2025-11-08,1
335,2,1,6.0,2025-11-08,9
336,3,1,9.0,2025-11-08,1
337,10,1,13.0,2025-11-08,1
338,8,1,11.0,2025-11-08,9
339,19,1,3.0,2025-11-08,9
340,15,1,2.2,2025-11-08,1
341,11,1,5.0,2025-11-08,1
342,6,1,16.0,2025-11-08,1
343,10,1,13.0,2025-11-08,1
344,12,1,5.5,2025-11-08,9
345,10,1,13.0,2025-11-08,9
346,6,2,32.0,2025-11-08,9
347,16,1,2.5,2025-11-08,9
348,1,1,8.5,2025-11-08,9
349,4,1,5.5,2025-11-08,9
350,11,1,5.0,2025-11-08,1
351,2,1,6.0,2025-11-08,9
352,10,1,13.0,2025-11-08,9
353,18,1,1.2,2025-11-08,1
354,16,1,2.5,2025-11-08,9
355,10,2,26.0,2025-11-08,9
356,17,1,3.5,2025-11-08,1
357,3,1,9.0,2025-11-08,9
358,10,1,13.0,2025-11-08,9
359,10,1,13.0,2025-11-08,1
360,6,1,16.0,2025-11-08,9
361,12,1,5.5,2025-11-08,9
362,19,1,3.0,2025-11-08,9
363,6,1,16.0,2025-11-08,9
364,5,1,12.5,2025-11-08,9
365,5,1,12.5,2025-11-08,1
366,14,2,3.6,2025-11-09,3
367,18,1,1.2,2025-11-09,9
368,10,1,13.0,2025-11-09,3
369,17,1,3.5,2025-11-09,3
370,11,1,5.0,2025-11-09,3
371,1,1,8.5,2025-11-09,3
372,2,1,6.0,2025-11-09,9
373,14,1,1.8,2025-11-09,3
374,13,2,12.0,2025-11-09,9
375,10,1,13.0,2025-11-09,9
376,8,1,11.0,2025-11-09,9
377,20,1,10.0,2025-11-09,3
378,20,1,10.0,2025-11-09,9
379,1,1,8.5,2025-11-09,3
380,12,1,5.5,2025-11-09,3
381,9,1,11.5,2025-11-09,3
382,17,1,3.5,2025-11-09,9
383,17,1,3.5,2025-11-09,9
384,8,1,11.0,2025-11-09,3
385,7,1,14.0,2025-11-09,9
386,8,1,11.0,2025-11-09,9
387,19,1,3.0,2025-11-09,3
388,4,1,5.5,2025-11-09,9
389,8,1,11.0,2025-11-09,3
390,17,1,3.5,2025-11-09,9
391,14,1,1.8,2025-11-09,3
392,1,1,8.5,2025-11-09,9
393,8,1,11.0,2025-11-09,9
394,6,1,16.0,2025-11-09,9
395,7,1,14.0,2025-11-09,9
396,15,1,2.2,2025-11-09,9
397,14,1,1.8,2025-11-09,9
398,18,1,1.2,2025-11-09,9
399,16,1,2.5,2025-11-09,3
400,15,1,2.2,2025-11-09,3
401,14,1,1.8,2025-11-09,3
402,6,1,16.0,2025-11-09,3
403,19,1,3.0,2025-11-09,3
404,11,1,5.0,2025-11-09,3
405,11,1,5.0,2025-11-09,9
406,17,1,3.5,2025-11-09,9
407,18,1,1.2,2025-11-09,3
408,18,1,1.2,2025-11-09,9
409,16,1,2.5,2025-11-09,9
410,7,1,14.0,2025-11-09,3
411,10,1,13.0,2025-11-09,3
412,3,2,18.0,2025-11-09,3
413,19,2,6.0,2025-11-09,3
414,2,1,6.0,2025-11-09,9
415,9,1,11.5,2025-11-09,9
416,1,2,17.0,2025-11-09,3
417,17,1,3.5,2025-11-09,3
418,19,1,3.0,2025-11-09,9
419,16,1,2.5,2025-11-09,9
420,19,1,3.0,2025-11-09,9
421,18,1,1.2,2025-11-09,3
422,3,1,9.0,2025-11-09,3
423,4,1,5.5,2025-11-09,3
424,2,1,6.0,2025-11-09,3
425,14,1,1.8,2025-11-09,9
426,16,1,2.5,2025-11-09,9
427,14,1,1.8,2025-11-09,3
428,5,1,12.5,2025-11-09,3
429,2,1,6.0,2025-11-09,9
430,9,1,11.5,2025-11-09,3
431,20,1,10.0,2025-11-09,9
432,9,1,11.5,2025-11-09,9
433,16,1,2.5,2025-11-09,3
434,4,1,5.5,2025-11-09,3
435,17,1,3.5,2025-11-09,3
436,20,1,10.0,2025-11-09,9
437,17,1,3.5,2025-11-09,3
438,1,1,8.5,2025-11-09,9
439,19,1,3.0,2025-11-09,3
440,12,2,11.0,2025-11-09,3
441,7,1,14.0,2025-11-09,9
442,7,1,14.0,2025-11-10,3
443,19,1,3.0,2025-11-10,3
444,8,1,11.0,2025-11-10,3
445,9,1,11.5,2025-11-10,3
446,17,1,3.5,2025-11-10,1
447,10,2,26.0,2025-11-10,1
448,12,1,5.5,2025-11-10,1
449,8,1,11.0,2025-11-10,3
450,14,1,1.8,2025-11-10,3
451,9,1,11.5,2025-11-10,3
452,14,1,1.8,2025-11-10,1
453,2,1,6.0,2025-11-10,3
454,12,1,5.5,2025-11-10,1
455,20,1,10.0,2025-11-10,3
456,1,1,8.5,2025-11-10,3
457,9,2,23.0,2025-11-10,1
458,14,1,1.8,2025-11-10,3
459,9,1,11.5,2025-11-10,1
460,12,1,5.5,2025-11-10,3
461,6,1,16.0,2025-11-10,1
462,11,1,5.0,2025-11-10,1
463,7,1,14.0,2025-11-10,3
464,6,1,16.0,2025-11-10,3
465,5,1,12.5,2025-11-10,1
466,11,1,5.0,2025-11-10,3
467,20,1,10.0,2025-11-10,3
468,15,1,2.2,2025-11-10,3
469,19,1,3.0,2025-11-10,1
470,17,1,3.5,2025-11-10,1
471,20,1,10.0,2025-11-10,1
472,13,1,6.0,2025-11-11,1
473,14,1,1.8,2025-11-11,2
474,10,1,13.0,2025-11-11,2
475,12,1,5.5,2025-11-11,1
476,4,1,5.5,2025-11-11,1
477,10,1,13.0,2025-11-11,2
478,4,1,5.5,2025-11-11,1
479,17,1,3.5,2025-11-11,1
480,18,1,1.2,2025-11-11,2
481,5,1,12.5,2025-11-11,1
482,9,2,23.0,2025-11-11,2
483,18,1,1.2,2025-11-11,2
484,4,1,5.5,2025-11-11,1
485,11,1,5.0,2025-11-11,1
486,5,1,12.5,2025-11-11,2
487,18,1,1.2,2025-11-11,1
488,3,2,18.0,2025-11-11,2
489,15,1,2.2,2025-11-11,2
490,14,1,1.8,2025-11-11,2
491,14,1,1.8,2025-11-11,1
492,17,1,3.5,2025-11-11,2
493,11,1,5.0,2025-11-11,1
494,10,1,13.0,2025-11-11,1
495,8,1,11.0,2025-11-11,2
496,16,1,2.5,2025-11-11,2
497,4,1,5.5,2025-11-11,1
498,8,1,11.0,2025-11-11,2
499,10,1,13.0,2025-11-11,1
500,7,1,14.0,2025-11-11,2
501,6,1,16.0,2025-11-11,1
502,17,2,7.0,2025-11-11,2
503,5,1,12.5,2025-11-11,2
504,11,1,5.0,2025-11-11,1
505,3,1,9.0,2025-11-11,2
506,20,1,10.0,2025-11-11,2
507,2,1,6.0,2025-11-11,2
508,7,1,14.0,2025-11-11,1
509,16,1,2.5,2025-11-12,9
510,2,1,6.0,2025-11-12,9
511,13,1,6.0,2025-11-12,9
512,16,1,2.5,2025-11-12,3
513,4,1,5.5,2025-11-12,9
514,17,1,3.5,2025-11-12,9
515,16,1,2.5,2025-11-12,9
516,11,1,5.0,2025-11-12,3
517,16,1,2.5,2025-11-12,9
518,4,1,5.5,2025-11-12,3
519,8,1,11.0,2025-11-12,3
520,10,1,13.0,2025-11-12,9
521,14,1,1.8,2025-11-12,9
522,16,1,2.5,2025-11-12,3
523,9,1,11.5,2025-11-12,9
524,13,1,6.0,2025-11-12,3
525,14,1,1.8,2025-11-12,3
526,16,1,2.5,2025-11-12,3
527,12,1,5.5,2025-11-12,9
528,4,1,5.5,2025-11-12,3
529,13,1,6.0,2025-11-12,3
530,1,1,8.5,2025-11-12,3
531,10,1,13.0,2025-11-12,9
532,18,1,1.2,2025-11-12,3
533,15,1,2.2,2025-11-12,9
534,20,1,10.0,2025-11-12,9
535,8,1,11.0,2025-11-12,9
536,12,1,5.5,2025-11-12,9
537,14,1,1.8,2025-11-12,3
538,7,1,14.0,2025-11-12,9
539,17,1,3.5,2025-11-12,9
540,19,1,3.0,2025-11-13,9
541,4,1,5.5,2025-11-13,9
542,19,1,3.0,2025-11-13,9
543,20,1,10.0,2025-11-13,9
544,2,2,12.0,2025-11-13,3
545,9,1,11.5,2025-11-13,9
546,16,1,2.5,2025-11-13,9
547,19,1,3.0,2025-11-13,3
548,3,1,9.0,2025-11-13,3
549,6,1,16.0,2025-11-13,3
550,14,1,1.8,2025-11-13,9
551,8,1,11.0,2025-11-13,3
552,1,1,8.5,2025-11-13,3
553,10,2,26.0,2025-11-13,9
554,11,1,5.0,2025-11-13,9
555,8,1,11.0,2025-11-13,3
556,15,1,2.2,2025-11-13,3
557,19,1,3.0,2025-11-13,3
558,19,1,3.0,2025-11-13,9
559,17,1,3.5,2025-11-13,9
560,18,1,1.2,2025-11-13,3
561,19,1,3.0,2025-11-13,9
562,20,1,10.0,2025-11-13,9
563,19,1,3.0,2025-11-13,9
564,7,1,14.0,2025-11-13,9
565,5,1,12.5,2025-11-13,9
566,16,1,2.5,2025-11-13,9
567,17,1,3.5,2025-11-13,3
568,5,1,12.5,2025-11-13,9
569,18,1,1.2,2025-11-13,3
570,10,1,13.0,2025-11-13,3
571,11,2,10.0,2025-11-13,3
572,7,1,14.0,2025-11-13,9
573,20,1,10.0,2025-11-13,3
574,7,1,14.0,2025-11-13,3
575,2,1,6.0,2025-11-13,9
576,5,1,12.5,2025-11-13,9
577,15,1,2.2,2025-11-13,9
578,9,1,11.5,2025-11-13,3
579,11,1,5.0,2025-11-13,9
580,10,1,13.0,2025-11-13,9
581,16,1,2.5,2025-11-13,3
582,16,1,2.5,2025-11-13,3
583,12,1,5.5,2025-11-13,9
584,2,1,6.0,2025-11-13,3
585,18,2,2.4,2025-11-13,3
586,13,1,6.0,2025-11-13,9
587,18,1,1.2,2025-11-13,3
588,16,1,2.5,2025-11-13,9
589,10,1,13.0,2025-11-14,1
590,15,1,2.2,2025-11-14,9
591,10,1,13.0,2025-11-14,9
592,13,1,6.0,2025-11-14,1
593,15,1,2.2,2025-11-14,9
594,19,1,3.0,2025-11-14,1
595,1,1,8.5,2025-11-14,9
596,17,2,7.0,2025-11-14,1
597,9,1,11.5,2025-11-14,1
598,18,2,2.4,2025-11-14,1
599,3,2,18.0,2025-11-14,9
600,15,1,2.2,2025-11-14,9
601,20,1,10.0,2025-11-14,9
602,16,1,2.5,2025-11-14,9
603,16,2,5.0,2025-11-14,1
604,15,1,2.2,2025-11-14,1
605,17,1,3.5,2025-11-14,1
606,4,1,5.5,2025-11-14,9
607,1,1,8.5,2025-11-14,9
608,6,1,16.0,2025-11-14,9
609,10,1,13.0,2025-11-14,9
610,6,1,16.0,2025-11-14,1
611,6,1,16.0,2025-11-14,9
612,4,2,11.0,2025-11-14,9
613,17,1,3.5,2025-11-14,1
614,13,1,6.0,2025-11-14,1
615,6,1,16.0,2025-11-14,9
616,10,1,13.0,2025-11-14,9
617,14,1,1.8,2025-11-14,1
618,2,1,6.0,2025-11-14,1
619,17,1,3.5,2025-11-14,1
620,10,1,13.0,2025-11-14,9
621,16,1,2.5,2025-11-14,9
622,8,1,11.0,2025-11-14,1
623,19,1,3.0,2025-11-14,1
624,13,1,6.0,2025-11-14,9
625,19,1,3.0,2025-11-15,3
626,12,1,5.5,2025-11-15,3
627,7,1,14.0,2025-11-15,3
628,18,1,1.2,2025-11-15,3
629,11,1,5.0,2025-11-15,9
630,8,2,22.0,2025-11-15,3
631,19,2,6.0,2025-11-15,3
632,16,1,2.5,2025-11-15,3
633,15,1,2.2,2025-11-15,9
634,19,1,3.0,2025-11-15,9
635,9,1,11.5,2025-11-15,9
636,8,1,11.0,2025-11-15,9
637,11,1,5.0,2025-11-15,9
638,16,1,2.5,2025-11-15,3
639,9,1,11.5,2025-11-15,3
640,16,1,2.5,2025-11-15,9
641,7,1,14.0,2025-11-15,3
642,9,1,11.5,2025-11-15,9
643,13,2,12.0,2025-11-15,9
644,7,1,14.0,2025-11-15,9
645,11,1,5.0,2025-11-15,9
646,5,1,12.5,2025-11-15,9
647,5,1,12.5,2025-11-15,3
648,12,1,5.5,2025-11-15,3
649,20,1,10.0,2025-11-15,3
650,10,1,13.0,2025-11-15,3
651,2,1,6.0,2025-11-15,3
652,11,1,5.0,2025-11-15,9
653,15,1,2.2,2025-11-15,9
654,1,1,8.5,2025-11-15,9
655,12,1,5.5,2025-11-15,9
656,17,2,7.0,2025-11-15,3
657,19,1,3.0,2025-11-15,3
658,5,1,12.5,2025-11-15,9
659,7,1,14.0,2025-11-15,9
660,20,1,10.0,2025-11-15,3
661,20,1,10.0,2025-11-15,3
662,15,1,2.2,2025-11-15,3
663,3,1,9.0,2025-11-15,9
664,2,1,6.0,2025-11-15,3
665,3,1,9.0,2025-11-15,9
666,13,1,6.0,2025-11-15,3
667,19,2,6.0,2025-11-15,3
668,6,1,16.0,2025-11-15,9
669,7,2,28.0,2025-11-15,9
670,1,1,8.5,2025-11-16,1
671,16,1,2.5,2025-11-16,9
672,19,1,3.0,2025-11-16,1
673,13,1,6.0,2025-11-16,9
674,9,1,11.5,2025-11-16,1
675,11,2,10.0,2025-11-16,1
676,3,1,9.0,2025-11-16,1
677,8,1,11.0,2025-11-16,9
678,20,1,10.0,2025-11-16,9
679,17,1,3.5,2025-11-16,1
680,9,2,23.0,2025-11-16,9
681,5,1,12.5,2025-11-16,9
682,3,1,9.0,2025-11-16,1
683,16,1,2.5,2025-11-16,1
684,9,1,11.5,2025-11-16,1
685,16,1,2.5,2025-11-16,1
686,3,2,18.0,2025-11-16,9
687,9,1,11.5,2025-11-16,1
688,3,1,9.0,2025-11-16,9
689,3,1,9.0,2025-11-16,1
690,14,1,1.8,2025-11-16,9
691,1,1,8.5,2025-11-16,1
692,16,1,2.5,2025-11-16,1
693,13,1,6.0,2025-11-16,9
694,5,1,12.5,2025-11-16,9
695,11,1,5.0,2025-11-16,9
696,7,1,14.0,2025-11-16,1
697,9,2,23.0,2025-11-16,9
698,14,1,1.8,2025-11-16,1
699,4,1,5.5,2025-11-16,9
700,8,1,11.0,2025-11-16,9
701,10,1,13.0,2025-11-16,1
702,8,1,11.0,2025-11-16,1
703,11,1,5.0,2025-11-16,9
704,20,1,10.0,2025-11-16,9
705,20,1,10.0,2025-11-16,9
706,9,1,11.5,2025-11-16,9
707,9,2,23.0,2025-11-16,1
708,14,1,1.8,2025-11-16,1
709,20,1,10.0,2025-11-16,1
710,10,1,13.0,2025-11-16,1
711,17,1,3.5,2025-11-16,9
712,15,1,2.2,2025-11-16,9
713,6,1,16.0,2025-11-16,9
714,17,1,3.5,2025-11-16,9
715,13,1,6.0,2025-11-16,9
716,12,1,5.5,2025-11-16,9
717,15,1,2.2,2025-11-16,1
718,3,1,9.0,2025-11-16,9
719,5,1,12.5,2025-11-16,9
720,20,1,10.0,2025-11-16,9
721,3,1,9.0,2025-11-16,1
722,12,1,5.5,2025-11-16,1
723,10,1,13.0,2025-11-16,1
724,8,1,11.0,2025-11-16,1
725,7,2,28.0,2025-11-16,1
726,3,2,18.0,2025-11-16,1
727,9,1,11.5,2025-11-16,1
728,12,1,5.5,2025-11-16,1
729,10,1,13.0,2025-11-16,9
730,16,1,2.5,2025-11-17,1
731,15,1,2.2,2025-11-17,1
732,19,1,3.0,2025-11-17,1
733,13,1,6.0,2025-11-17,1
734,20,1,10.0,2025-11-17,1
735,14,1,1.8,2025-11-17,1
736,10,1,13.0,2025-11-17,1
737,10,1,13.0,2025-11-17,1
738,15,1,2.2,2025-11-17,1
739,13,1,6.0,2025-11-17,1
740,9,1,11.5,2025-11-17,1
741,7,1,14.0,2025-11-17,1
742,14,1,1.8,2025-11-17,1
743,9,1,11.5,2025-11-17,1
744,17,1,3.5,2025-11-17,1
745,19,1,3.0,2025-11-17,1
746,8,1,11.0,2025-11-17,1
747,5,1,12.5,2025-11-17,1
748,10,1,13.0,2025-11-17,1
749,10,1,13.0,2025-11-17,1
750,13,1,6.0,2025-11-17,1
751,5,1,12.5,2025-11-17,1
752,18,2,2.4,2025-11-17,1
753,4,1,5.5,2025-11-17,1
754,10,1,13.0,2025-11-17,1
755,11,1,5.0,2025-11-17,1
756,17,1,3.5,2025-11-17,1
757,7,1,14.0,2025-11-17,1
758,17,1,3.5,2025-11-17,1
759,13,1,6.0,2025-11-17,1
760,7,1,14.0,2025-11-17,1
761,12,1,5.5,2025-11-17,1
762,12,2,11.0,2025-11-17,1
763,16,1,2.5,2025-11-17,1
764,7,2,28.0,2025-11-17,1
765,7,1,14.0,2025-11-17,1
766,10,2,26.0,2025-11-17,1
767,6,1,16.0,2025-11-17,1
768,18,1,1.2,2025-11-17,1
769,5,1,12.5,2025-11-17,1
770,17,1,3.5,2025-11-17,1
771,12,1,5.5,2025-11-17,1
772,8,1,11.0,2025-11-17,1
773,13,2,12.0,2025-11-17,1
774,4,1,5.5,2025-11-17,1
775,15,1,2.2,2025-11-18,3
776,16,1,2.5,2025-11-18,9
777,11,1,5.0,2025-11-18,9
778,14,1,1.8,2025-11-18,3
779,14,1,1.8,2025-11-18,3
780,10,1,13.0,2025-11-18,9
781,11,1,5.0,2025-11-18,3
782,18,1,1.2,2025-11-18,3
783,16,1,2.5,2025-11-18,9
784,18,1,1.2,2025-11-18,9
785,6,1,16.0,2025-11-18,3
786,11,1,5.0,2025-11-18,9
787,8,1,11.0,2025-11-18,9
788,17,1,3.5,2025-11-18,3
789,2,1,6.0,2025-11-18,9
790,1,2,17.0,2025-11-18,3
791,10,1,13.0,2025-11-18,9
792,5,1,12.5,2025-11-18,3
793,18,1,1.2,2025-11-18,9
794,3,1,9.0,2025-11-18,3
795,9,2,23.0,2025-11-18,3
796,2,1,6.0,2025-11-18,3
797,10,1,13.0,2025-11-18,3
798,1,1,8.5,2025-11-18,3
799,15,1,2.2,2025-11-19,1
800,15,1,2.2,2025-11-19,9
801,9,1,11.5,2025-11-19,9
802,3,1,9.0,2025-11-19,1
803,4,1,5.5,2025-11-19,9
804,14,1,1.8,2025-11-19,9
805,12,1,5.5,2025-11-19,9
806,10,1,13.0,2025-11-19,9
807,19,1,3.0,2025-11-19,1
808,18,1,1.2,2025-11-19,9
809,4,1,5.5,2025-11-19,1
810,9,1,11.5,2025-11-19,9
811,6,1,16.0,2025-11-19,9
812,13,1,6.0,2025-11-19,1
813,17,1,3.5,2025-11-19,1
814,6,1,16.0,2025-11-19,9
815,16,1,2.5,2025-11-19,9
816,17,1,3.5,2025-11-19,9
817,11,1,5.0,2025-11-19,1
818,14,1,1.8,2025-11-19,9
819,18,1,1.2,2025-11-20,1
820,12,1,5.5,2025-11-20,1
821,20,1,10.0,2025-11-20,3
822,13,1,6.0,2025-11-20,3
823,2,1,6.0,2025-11-20,1
824,11,1,5.0,2025-11-20,1
825,10,1,13.0,2025-11-20,3
826,7,1,14.0,2025-11-20,3
827,20,1,10.0,2025-11-20,1
828,9,1,11.5,2025-11-20,3
829,8,1,11.0,2025-11-20,3
830,2,1,6.0,2025-11-20,1
831,3,1,9.0,2025-11-20,3
832,8,1,11.0,2025-11-20,3
833,4,1,5.5,2025-11-20,3
834,5,2,25.0,2025-11-20,1
835,5,1,12.5,2025-11-20,1
836,16,1,2.5,2025-11-20,3
837,8,1,11.0,2025-11-20,3
838,7,2,28.0,2025-11-20,3
839,11,1,5.0,2025-11-20,3
840,11,1,5.0,2025-11-20,1
841,5,1,12.5,2025-11-20,3
842,6,1,16.0,2025-11-20,3
843,18,1,1.2,2025-11-20,3
844,11,1,5.0,2025-11-20,3
845,5,2,25.0,2025-11-20,3
846,13,2,12.0,2025-11-20,1
847,6,1,16.0,2025-11-20,1
848,7,1,14.0,2025-11-20,1
849,4,1,5.5,2025-11-20,3
850,5,1,12.5,2025-11-20,3
851,7,1,14.0,2025-11-21,2
852,3,1,9.0,2025-11-21,2
853,5,1,12.5,2025-11-21,2
854,16,1,2.5,2025-11-21,2
855,14,1,1.8,2025-11-21,1
856,16,1,2.5,2025-11-21,1
857,4,2,11.0,2025-11-21,1
858,6,1,16.0,2025-11-21,1
859,20,1,10.0,2025-11-21,2
860,18,1,1.2,2025-11-21,1
861,6,2,32.0,2025-11-21,2
862,11,1,5.0,2025-11-21,1
863,16,1,2.5,2025-11-21,1
864,19,1,3.0,2025-11-21,2
865,11,1,5.0,2025-11-21,1
866,11,1,5.0,2025-11-21,2
867,2,1,6.0,2025-11-21,2
868,15,1,2.2,2025-11-21,2
869,7,1,14.0,2025-11-21,2
870,15,1,2.2,2025-11-21,2
871,11,1,5.0,2025-11-21,1
872,4,1,5.5,2025-11-21,1
873,4,1,5.5,2025-11-21,2
874,8,1,11.0,2025-11-21,2
875,20,1,10.0,2025-11-21,2
876,11,1,5.0,2025-11-21,1
877,5,1,12.5,2025-11-21,1
878,6,1,16.0,2025-11-21,1
879,3,1,9.0,2025-11-21,2
880,10,1,13.0,2025-11-21,2
881,7,2,28.0,2025-11-21,1
882,20,1,10.0,2025-11-21,1
883,3,1,9.0,2025-11-21,1
884,4,1,5.5,2025-11-21,1
885,4,1,5.5,2025-11-21,2
886,15,2,4.4,2025-11-21,1
887,13,1,6.0,2025-11-21,1
888,1,1,8.5,2025-11-21,2
889,17,1,3.5,2025-11-21,2
890,4,2,11.0,2025-11-21,1
891,5,1,12.5,2025-11-21,2
892,11,1,5.0,2025-11-21,2
893,5,1,12.5,2025-11-21,1
894,7,1,14.0,2025-11-21,1
895,1,1,8.5,2025-11-21,1
896,15,1,2.2,2025-11-21,2
897,2,1,6.0,2025-11-21,1
898,17,2,7.0,2025-11-22,3
899,11,1,5.0,2025-11-22,3
900,19,1,3.0,2025-11-22,3
901,7,1,14.0,2025-11-22,2
902,1,1,8.5,2025-11-22,3
903,2,2,12.0,2025-11-22,3
904,17,2,7.0,2025-11-22,2
905,3,1,9.0,2025-11-22,3
906,12,1,5.5,2025-11-22,2
907,16,2,5.0,2025-11-22,3
908,9,1,11.5,2025-11-22,2
909,5,1,12.5,2025-11-22,3
910,19,1,3.0,2025-11-22,3
911,20,1,10.0,2025-11-22,2
912,18,1,1.2,2025-11-22,3
913,12,1,5.5,2025-11-22,2
914,3,1,9.0,2025-11-22,2
915,1,1,8.5,2025-11-22,3
916,19,1,3.0,2025-11-22,2
917,8,1,11.0,2025-11-22,3
918,2,1,6.0,2025-11-22,2
919,17,1,3.5,2025-11-22,3
920,20,1,10.0,2025-11-22,3
921,13,1,6.0,2025-11-22,3
922,4,1,5.5,2025-11-22,3
923,17,2,7.0,2025-11-22,3
924,5,2,25.0,2025-11-22,3
925,6,1,16.0,2025-11-22,2
926,9,1,11.5,2025-11-22,3
927,4,1,5.5,2025-11-22,3
928,18,1,1.2,2025-11-22,2
929,5,1,12.5,2025-11-22,2
930,14,1,1.8,2025-11-22,3
931,4,1,5.5,2025-11-22,2
932,9,1,11.5,2025-11-22,2
933,17,1,3.5,2025-11-22,3
934,10,1,13.0,2025-11-22,2
935,15,1,2.2,2025-11-22,2
936,16,1,2.5,2025-11-22,3
937,16,2,5.0,2025-11-22,3
938,11,1,5.0,2025-11-22,3
939,3,1,9.0,2025-11-22,2
940,5,1,12.5,2025-11-22,2
941,7,1,14.0,2025-11-22,2
942,2,1,6.0,2025-11-22,3
943,5,1,12.5,2025-11-22,2
944,8,2,22.0,2025-11-22,3
945,15,1,2.2,2025-11-22,2
946,14,1,1.8,2025-11-22,2
947,3,1,9.0,2025-11-22,2
948,10,1,13.0,2025-11-22,3
949,15,1,2.2,2025-11-22,2
950,2,1,6.0,2025-11-22,3
951,4,1,5.5,2025-11-22,3
952,3,1,9.0,2025-11-22,3
953,5,1,12.5,2025-11-22,2
954,14,2,3.6,2025-11-22,3
955,18,1,1.2,2025-11-22,3
956,11,1,5.0,2025-11-22,3
957,3,1,9.0,2025-11-22,2
958,9,1,11.5,2025-11-22,2
959,10,1,13.0,2025-11-22,3
960,7,1,14.0,2025-11-22,2
961,4,1,5.5,2025-11-22,2
962,3,1,9.0,2025-11-22,3
963,20,1,10.0,2025-11-22,2
964,18,1,1.2,2025-11-22,3
965,20,1,10.0,2025-11-22,3
966,13,1,6.0,2025-11-22,3
967,3,2,18.0,2025-11-22,2
968,11,2,10.0,2025-11-22,2
969,4,1,5.5,2025-11-22,2
970,20,1,10.0,2025-11-22,2
971,17,1,3.5,2025-11-22,3
972,20,1,10.0,2025-11-23,9
973,8,1,11.0,2025-11-23,9
974,3,1,9.0,2025-11-23,9
975,18,1,1.2,2025-11-23,9
976,17,1,3.5,2025-11-23,9
977,3,1,9.0,2025-11-23,9
978,19,1,3.0,2025-11-23,9
979,17,1,3.5,2025-11-23,9
980,18,1,1.2,2025-11-23,9
981,13,1,6.0,2025-11-23,9
982,7,1,14.0,2025-11-23,9
983,1,1,8.5,2025-11-23,9
984,15,1,2.2,2025-11-23,9
985,19,1,3.0,2025-11-23,9
986,8,1,11.0,2025-11-23,9
987,7,1,14.0,2025-11-23,9
988,20,1,10.0,2025-11-23,9
989,20,1,10.0,2025-11-23,9
990,7,1,14.0,2025-11-23,9
991,5,1,12.5,2025-11-23,9
992,16,1,2.5,2025-11-23,9
993,17,1,3.5,2025-11-23,9
994,2,1,6.0,2025-11-23,9
995,4,1,5.5,2025-11-23,9
996,5,1,12.5,2025-11-23,9
997,18,1,1.2,2025-11-23,9
998,2,1,6.0,2025-11-23,9
999,7,1,14.0,2025-11-23,9
1000,14,1,1.8,2025-11-23,9
1001,6,1,16.0,2025-11-23,9
1002,5,1,12.5,2025-11-23,9
1003,8,1,11.0,2025-11-23,9
1004,16,1,2.5,2025-11-23,9
1005,1,1,8.5,2025-11-23,9
1006,18,1,1.2,2025-11-23,9
1007,7,1,14.0,2025-11-23,9
1008,18,2,2.4,2025-11-23,9
1009,11,1,5.0,2025-11-23,9
1010,14,1,1.8,2025-11-23,9
1011,14,2,3.6,2025-11-23,9
1012,10,1,13.0,2025-11-23,9
1013,11,1,5.0,2025-11-23,9
1014,15,1,2.2,2025-11-23,9
1015,13,1,6.0,2025-11-23,9
1016,13,1,6.0,2025-11-23,9
1017,8,1,11.0,2025-11-23,9
1018,8,1,11.0,2025-11-23,9
1019,18,1,1.2,2025-11-23,9
1020,5,1,12.5,2025-11-23,9
1021,19,1,3.0,2025-11-23,9
1022,15,1,2.2,2025-11-23,9
1023,15,2,4.4,2025-11-23,9
1024,1,1,8.5,2025-11-24,9
1025,8,1,11.0,2025-11-24,2
1026,19,1,3.0,2025-11-24,2
1027,18,1,1.2,2025-11-24,9
1028,7,1,14.0,2025-11-24,2
1029,16,1,2.5,2025-11-24,9
1030,20,1,10.0,2025-11-24,9
1031,6,1,16.0,2025-11-24,2
1032,10,1,13.0,2025-11-24,2
1033,7,1,14.0,2025-11-24,9
1034,11,1,5.0,2025-11-24,9
1035,11,1,5.0,2025-11-24,9
1036,18,1,1.2,2025-11-24,2
1037,10,1,13.0,2025-11-24,9
1038,4,1,5.5,2025-11-24,2
1039,20,1,10.0,2025-11-24,2
1040,4,1,5.5,2025-11-24,9
1041,17,1,3.5,2025-11-24,9
1042,8,1,11.0,2025-11-24,2
1043,7,1,14.0,2025-11-24,9
1044,13,1,6.0,2025-11-24,9
1045,4,1,5.5,2025-11-24,2
1046,10,2,26.0,2025-11-24,2
1047,1,1,8.5,2025-11-24,2
1048,20,1,10.0,2025-11-24,9
1049,1,1,8.5,2025-11-24,9
1050,6,1,16.0,2025-11-24,2
1051,4,1,5.5,2025-11-24,2
1052,5,1,12.5,2025-11-24,2
1053,20,1,10.0,2025-11-24,2
1054,10,1,13.0,2025-11-24,9
1055,8,2,22.0,2025-11-24,2
1056,16,1,2.5,2025-11-24,2
1057,1,1,8.5,2025-11-24,9
1058,6,1,16.0,2025-11-24,9
1059,4,1,5.5,2025-11-24,9
1060,9,1,11.5,2025-11-24,9
1061,14,1,1.8,2025-11-24,9
1062,15,1,2.2,2025-11-24,9
1063,10,1,13.0,2025-11-24,2
1064,11,1,5.0,2025-11-24,9
1065,8,1,11.0,2025-11-24,2
1066,14,1,1.8,2025-11-24,2
1067,14,1,1.8,2025-11-25,1
1068,11,1,5.0,2025-11-25,3
1069,18,2,2.4,2025-11-25,3
1070,15,1,2.2,2025-11-25,1
1071,12,2,11.0,2025-11-25,3
1072,8,1,11.0,2025-11-25,1
1073,19,1,3.0,2025-11-25,3
1074,4,1,5.5,2025-11-25,1
1075,16,1,2.5,2025-11-25,3
1076,14,1,1.8,2025-11-25,3
1077,7,1,14.0,2025-11-25,1
1078,18,1,1.2,2025-11-25,3
1079,17,1,3.5,2025-11-25,1
1080,3,1,9.0,2025-11-25,1
1081,1,1,8.5,2025-11-25,1
1082,8,1,11.0,2025-11-25,3
1083,18,1,1.2,2025-11-25,3
1084,5,1,12.5,2025-11-25,3
1085,7,1,14.0,2025-11-25,3
1086,17,1,3.5,2025-11-25,1
1087,3,1,9.0,2025-11-25,1
1088,20,1,10.0,2025-11-25,1
1089,10,1,13.0,2025-11-25,3
1090,5,1,12.5,2025-11-25,3
1091,14,1,1.8,2025-11-25,1
1092,11,1,5.0,2025-11-25,3
1093,10,1,13.0,2025-11-25,3
1094,1,1,8.5,2025-11-25,1
1095,20,1,10.0,2025-11-25,3
1096,12,1,5.5,2025-11-25,1
1097,10,1,13.0,2025-11-25,3
1098,9,1,11.5,2025-11-25,3
1099,4,1,5.5,2025-11-25,1
1100,1,2,17.0,2025-11-25,3
1101,18,1,1.2,2025-11-25,1
1102,16,1,2.5,2025-11-25,3
1103,20,1,10.0,2025-11-25,1
1104,13,1,6.0,2025-11-25,1
1105,3,1,9.0,2025-11-25,3
1106,3,1,9.0,2025-11-25,3
1107,4,1,5.5,2025-11-25,1
1108,3,1,9.0,2025-11-25,1
1109,18,1,1.2,2025-11-25,3
1110,11,1,5.0,2025-11-26,2
1111,17,1,3.5,2025-11-26,3
1112,13,1,6.0,2025-11-26,3
1113,16,1,2.5,2025-11-26,3
1114,3,1,9.0,2025-11-26,2
1115,1,1,8.5,2025-11-26,3
1116,12,1,5.5,2025-11-26,2
1117,2,1,6.0,2025-11-26,2
1118,17,1,3.5,2025-11-26,3
1119,3,1,9.0,2025-11-26,2
1120,4,1,5.5,2025-11-26,2
1121,11,1,5.0,2025-11-26,3
1122,3,1,9.0,2025-11-26,2
1123,17,1,3.5,2025-11-26,2
1124,20,1,10.0,2025-11-26,2
1125,13,1,6.0,2025-11-26,3
1126,19,1,3.0,2025-11-26,2
1127,15,1,2.2,2025-11-26,2
1128,3,1,9.0,2025-11-26,3
1129,11,1,5.0,2025-11-26,2
1130,7,2,28.0,2025-11-26,3
1131,11,1,5.0,2025-11-26,3
1132,14,1,1.8,2025-11-26,3
1133,18,1,1.2,2025-11-26,3
1134,16,2,5.0,2025-11-26,2
1135,5,1,12.5,2025-11-26,3
1136,15,2,4.4,2025-11-26,2
1137,20,1,10.0,2025-11-26,2
1138,11,1,5.0,2025-11-26,3
1139,16,1,2.5,2025-11-26,3
1140,13,2,12.0,2025-11-26,3
1141,15,1,2.2,2025-11-26,3
1142,18,1,1.2,2025-11-26,2
1143,12,1,5.5,2025-11-26,2
1144,2,1,6.0,2025-11-26,3
1145,16,1,2.5,2025-11-26,3
1146,15,1,2.2,2025-11-26,2
1147,15,1,2.2,2025-11-26,2
1148,9,1,11.5,2025-11-26,2
1149,16,1,2.5,2025-11-26,2
1150,12,1,5.5,2025-11-26,3
1151,10,1,13.0,2025-11-27,2
1152,20,1,10.0,2025-11-27,2
1153,5,1,12.5,2025-11-27,2
1154,18,2,2.4,2025-11-27,2
1155,16,1,2.5,2025-11-27,1
1156,17,2,7.0,2025-11-27,2
1157,10,2,26.0,2025-11-27,1
1158,5,1,12.5,2025-11-27,1
1159,9,1,11.5,2025-11-27,2
1160,4,1,5.5,2025-11-27,2
1161,1,1,8.5,2025-11-27,1
1162,2,2,12.0,2025-11-27,1
1163,17,1,3.5,2025-11-27,2
1164,11,1,5.0,2025-11-27,2
1165,2,1,6.0,2025-11-27,1
1166,20,1,10.0,2025-11-27,1
1167,10,1,13.0,2025-11-27,1
1168,9,1,11.5,2025-11-27,2
1169,8,1,11.0,2025-11-27,2
1170,20,1,10.0,2025-11-27,1
1171,3,1,9.0,2025-11-27,1
1172,19,1,3.0,2025-11-27,1
1173,20,1,10.0,2025-11-27,2
1174,9,1,11.5,2025-11-27,1
1175,9,1,11.5,2025-11-27,2
1176,1,1,8.5,2025-11-27,2
1177,12,1,5.5,2025-11-27,2
1178,2,1,6.0,2025-11-27,1
1179,8,1,11.0,2025-11-27,1
1180,5,2,25.0,2025-11-27,1
1181,14,1,1.8,2025-11-27,1
1182,18,1,1.2,2025-11-27,1
1183,19,1,3.0,2025-11-28,9
1184,1,1,8.5,2025-11-28,9
1185,3,1,9.0,2025-11-28,3
1186,13,1,6.0,2025-11-28,9
1187,19,1,3.0,2025-11-28,3
1188,14,1,1.8,2025-11-28,9
1189,9,1,11.5,2025-11-28,9
1190,14,1,1.8,2025-11-28,9
1191,15,1,2.2,2025-11-28,9
1192,7,1,14.0,2025-11-28,9
1193,7,2,28.0,2025-11-28,3
1194,10,1,13.0,2025-11-28,3
1195,4,1,5.5,2025-11-28,3
1196,17,1,3.5,2025-11-28,3
1197,20,1,10.0,2025-11-28,3
1198,20,1,10.0,2025-11-28,9
1199,4,1,5.5,2025-11-28,3
1200,12,2,11.0,2025-11-28,3
1201,6,1,16.0,2025-11-28,3
1202,6,2,32.0,2025-11-28,9
1203,5,1,12.5,2025-11-28,3
1204,5,1,12.5,2025-11-28,9
1205,18,2,2.4,2025-11-28,3
1206,14,1,1.8,2025-11-28,9
1207,6,1,16.0,2025-11-28,3
1208,20,1,10.0,2025-11-28,9
1209,3,1,9.0,2025-11-28,9
1210,8,1,11.0,2025-11-28,3
1211,15,1,2.2,2025-11-28,3
1212,17,2,7.0,2025-11-28,9
1213,1,1,8.5,2025-11-28,9
1214,16,1,2.5,2025-11-28,3
1215,18,1,1.2,2025-11-28,3
1216,18,1,1.2,2025-11-28,3
1217,17,1,3.5,2025-11-28,9
1218,5,1,12.5,2025-11-28,3
1219,18,1,1.2,2025-11-28,9
1220,7,1,14.0,2025-11-28,9
1221,16,1,2.5,2025-11-28,9
1222,17,1,3.5,2025-11-28,9
1223,19,1,3.0,2025-11-28,3
1224,15,1,2.2,2025-11-28,3
1225,6,1,16.0,2025-11-28,3
1226,4,1,5.5,2025-11-28,9
1227,10,1,13.0,2025-11-28,9
1228,18,1,1.2,2025-11-28,9
1229,5,2,25.0,2025-11-29,2
1230,16,1,2.5,2025-11-29,9
1231,2,1,6.0,2025-11-29,2
1232,2,1,6.0,2025-11-29,2
1233,15,1,2.2,2025-11-29,9
1234,9,2,23.0,2025-11-29,2
1235,2,1,6.0,2025-11-29,2
1236,15,1,2.2,2025-11-29,9
1237,18,1,1.2,2025-11-29,2
1238,9,1,11.5,2025-11-29,2
1239,12,1,5.5,2025-11-29,2
1240,12,1,5.5,2025-11-29,9
1241,11,1,5.0,2025-11-29,2
1242,11,1,5.0,2025-11-29,2
1243,6,1,16.0,2025-11-29,9
1244,6,1,16.0,2025-11-29,9
1245,14,1,1.8,2025-11-29,2
1246,10,1,13.0,2025-11-29,2
1247,11,1,5.0,2025-11-29,2
1248,14,1,1.8,2025-11-29,9
1249,1,1,8.5,2025-11-29,2
1250,4,1,5.5,2025-11-29,2
1251,2,1,6.0,2025-11-29,2
1252,12,1,5.5,2025-11-29,2
1253,18,1,1.2,2025-11-29,9
1254,20,1,10.0,2025-11-29,9
1255,18,1,1.2,2025-11-29,9
1256,14,1,1.8,2025-11-29,2
1257,14,1,1.8,2025-11-29,2
1258,16,1,2.5,2025-11-29,9
1259,14,1,1.8,2025-11-29,9
1260,9,1,11.5,2025-11-29,2
1261,12,2,11.0,2025-11-29,9
1262,18,1,1.2,2025-11-29,2
1263,11,1,5.0,2025-11-29,2
1264,18,1,1.2,2025-11-29,2
1265,3,1,9.0,2025-11-29,2
1266,19,1,3.0,2025-11-29,9
1267,12,1,5.5,2025-11-29,2
1268,15,1,2.2,2025-11-29,9
1269,17,1,3.5,2025-11-29,2
1270,10,1,13.0,2025-11-29,2
1271,19,1,3.0,2025-11-29,9
1272,7,1,14.0,2025-11-29,2
1273,13,1,6.0,2025-11-29,2
1274,9,1,11.5,2025-11-29,9
1275,10,1,13.0,2025-11-29,9
1276,15,1,2.2,2025-11-29,9
1277,13,1,6.0,2025-11-29,9
1278,16,1,2.5,2025-11-29,9
1279,20,1,10.0,2025-11-30,9
1280,16,1,2.5,2025-11-30,9
1281,16,1,2.5,2025-11-30,9
1282,3,1,9.0,2025-11-30,9
1283,17,1,3.5,2025-11-30,9
1284,5,2,25.0,2025-11-30,9
1285,17,1,3.5,2025-11-30,9
1286,19,1,3.0,2025-11-30,9
1287,7,1,14.0,2025-11-30,9
1288,16,2,5.0,2025-11-30,9
1289,14,1,1.8,2025-11-30,9
1290,20,1,10.0,2025-11-30,9
1291,10,1,13.0,2025-11-30,9
1292,5,1,12.5,2025-11-30,9
1293,14,1,1.8,2025-11-30,9
1294,6,1,16.0,2025-11-30,9
1295,3,1,9.0,2025-11-30,9
1296,9,1,11.5,2025-11-30,9
1297,12,1,5.5,2025-11-30,9
1298,19,1,3.0,2025-11-30,9
1299,9,1,11.5,2025-11-30,9
1300,14,1,1.8,2025-11-30,9
1301,13,1,6.0,2025-11-30,9
1302,11,1,5.0,2025-11-30,9
1303,8,1,11.0,2025-11-30,9
1304,18,1,1.2,2025-11-30,9
1305,15,2,4.4,2025-11-30,9
1306,17,1,3.5,2025-11-30,9
1307,15,1,2.2,2025-11-30,9
1308,11,1,5.0,2025-11-30,9
1309,14,2,3.6,2025-11-30,9
1310,17,1,3.5,2025-11-30,9
1311,12,1,5.5,2025-11-30,9
1312,6,1,16.0,2025-11-30,9
1313,2,2,12.0,2025-11-30,9
1314,8,1,11.0,2025-11-30,9
1315,5,1,12.5,2025-11-30,9
1316,11,1,5.0,2025-11-30,9
1317,18,1,1.2,2025-11-30,9
1318,18,1,1.2,2025-11-30,9
1319,4,1,5.5,2025-11-30,9
1320,15,1,2.2,2025-11-30,9
1321,16,1,2.5,2025-11-30,9
1322,18,1,1.2,2025-11-30,9
1323,11,2,10.0,2025-11-30,9
1324,11,2,10.0,2025-11-30,9
1325,10,1,13.0,2025-11-30,9
1326,2,1,6.0,2025-11-30,9
1327,19,1,3.0,2025-11-30,9
1328,10,1,13.0,2025-11-30,9
1329,11,1,5.0,2025-11-30,9
1330,8,1,11.0,2025-11-30,9
1331,9,1,11.5,2025-11-30,9
1332,14,1,1.8,2025-11-30,9
1333,6,1,16.0,2025-11-30,9
1334,9,1,11.5,2025-11-30,9
